occupation_link_text,url,group,slug
21 Dealer,https://www.bls.gov/ooh/personal-care-and-service/gaming-services-occupations.htm,personal-care-and-service,gaming-services-occupations
3D Animator,https://www.bls.gov/ooh/arts-and-design/multimedia-artists-and-animators.htm,arts-and-design,multimedia-artists-and-animators
3rd Grade Reading Teacher,https://www.bls.gov/ooh/education-training-and-library/kindergarten-and-elementary-school-teachers.htm,education-training-and-library,kindergarten-and-elementary-school-teachers
911 Dispatcher,https://www.bls.gov/ooh/office-and-administrative-support/police-fire-and-ambulance-dispatchers.htm,office-and-administrative-support,police-fire-and-ambulance-dispatchers
A&P Mechanic,https://www.bls.gov/ooh/installation-maintenance-and-repair/aircraft-and-avionics-equipment-mechanics-and-technicians.htm,installation-maintenance-and-repair,aircraft-and-avionics-equipment-mechanics-and-technicians
Able Seaman,https://www.bls.gov/ooh/transportation-and-material-moving/water-transportation-occupations.htm,transportation-and-material-moving,water-transportation-occupations
Absorption and Adsorption Engineer,https://www.bls.gov/ooh/architecture-and-engineering/chemical-engineers.htm,architecture-and-engineering,chemical-engineers
AC/DC Rewinder,https://www.bls.gov/ooh/installation-maintenance-and-repair/electrical-and-electronics-installers-and-repairers.htm,installation-maintenance-and-repair,electrical-and-electronics-installers-and-repairers
Accompanist,https://www.bls.gov/ooh/entertainment-and-sports/musicians-and-singers.htm,entertainment-and-sports,musicians-and-singers
Accountant,https://www.bls.gov/ooh/business-and-financial/accountants-and-auditors.htm,business-and-financial,accountants-and-auditors
Accounting Professor,https://www.bls.gov/ooh/education-training-and-library/postsecondary-teachers.htm,education-training-and-library,postsecondary-teachers
Accounts Collector,https://www.bls.gov/ooh/office-and-administrative-support/bill-and-account-collectors.htm,office-and-administrative-support,bill-and-account-collectors
Accounts Receivable Assistant,https://www.bls.gov/ooh/office-and-administrative-support/bookkeeping-accounting-and-auditing-clerks.htm,office-and-administrative-support,bookkeeping-accounting-and-auditing-clerks
Accredited Legal Secretary,https://www.bls.gov/ooh/office-and-administrative-support/secretaries-and-administrative-assistants.htm,office-and-administrative-support,secretaries-and-administrative-assistants
Acoustical Ceiling Installer,https://www.bls.gov/ooh/construction-and-extraction/drywall-and-ceiling-tile-installers-and-tapers.htm,construction-and-extraction,drywall-and-ceiling-tile-installers-and-tapers
Acquisitions Librarian,https://www.bls.gov/ooh/education-training-and-library/librarians.htm,education-training-and-library,librarians
Activities Concierge,https://www.bls.gov/ooh/personal-care-and-service/concierges.htm,personal-care-and-service,concierges
Actors,https://www.bls.gov/ooh/entertainment-and-sports/actors.htm,entertainment-and-sports,actors
Actuarial Associate,https://www.bls.gov/ooh/math/actuaries.htm,math,actuaries
Acute Care Nurse Practitioner,https://www.bls.gov/ooh/healthcare/nurse-anesthetists-nurse-midwives-and-nurse-practitioners.htm,healthcare,nurse-anesthetists-nurse-midwives-and-nurse-practitioners
Addiction Counselor,https://www.bls.gov/ooh/community-and-social-service/substance-abuse-behavioral-disorder-and-mental-health-counselors.htm,community-and-social-service,substance-abuse-behavioral-disorder-and-mental-health-counselors
Addiction Psychiatrist,https://www.bls.gov/ooh/healthcare/physicians-and-surgeons.htm,healthcare,physicians-and-surgeons
Addictions Counselor Assistant,https://www.bls.gov/ooh/community-and-social-service/social-and-human-service-assistants.htm,community-and-social-service,social-and-human-service-assistants
Administrative Clerk,https://www.bls.gov/ooh/office-and-administrative-support/general-office-clerks.htm,office-and-administrative-support,general-office-clerks
Administrative Court Justice,https://www.bls.gov/ooh/legal/judges-and-hearing-officers.htm,legal,judges-and-hearing-officers
Administrative services and facilities managers,https://www.bls.gov/ooh/management/administrative-services-managers.htm,management,administrative-services-managers
Admiral,https://www.bls.gov/ooh/management/top-executives.htm,management,top-executives
Admissions Counselor,https://www.bls.gov/ooh/community-and-social-service/school-and-career-counselors.htm,community-and-social-service,school-and-career-counselors
Admitting Interviewer,https://www.bls.gov/ooh/office-and-administrative-support/information-clerks.htm,office-and-administrative-support,information-clerks
Adobe Layer,https://www.bls.gov/ooh/construction-and-extraction/brickmasons-blockmasons-and-stonemasons.htm,construction-and-extraction,brickmasons-blockmasons-and-stonemasons
Adobe Layer Helper,https://www.bls.gov/ooh/construction-and-extraction/construction-laborers-and-helpers.htm,construction-and-extraction,construction-laborers-and-helpers
Adult basic and secondary education and ESL teachers,https://www.bls.gov/ooh/education-training-and-library/adult-literacy-and-ged-teachers.htm,education-training-and-library,adult-literacy-and-ged-teachers
Adult ESL Teacher Aide,https://www.bls.gov/ooh/education-training-and-library/teacher-assistants.htm,education-training-and-library,teacher-assistants
Adult Protective Service Social Worker,https://www.bls.gov/ooh/community-and-social-service/social-workers.htm,community-and-social-service,social-workers
"Advertising, promotions, and marketing managers",https://www.bls.gov/ooh/management/advertising-promotions-and-marketing-managers.htm,management,advertising-promotions-and-marketing-managers
Advertising Account Executive,https://www.bls.gov/ooh/sales/advertising-sales-agents.htm,sales,advertising-sales-agents
Advertising Analyst,https://www.bls.gov/ooh/business-and-financial/market-research-analysts.htm,business-and-financial,market-research-analysts
Advertising Copywriter,https://www.bls.gov/ooh/media-and-communication/writers-and-authors.htm,media-and-communication,writers-and-authors
Advertising Editor,https://www.bls.gov/ooh/media-and-communication/editors.htm,media-and-communication,editors
Advertising Photographer,https://www.bls.gov/ooh/media-and-communication/photographers.htm,media-and-communication,photographers
Aerial Crop Duster,https://www.bls.gov/ooh/transportation-and-material-moving/airline-and-commercial-pilots.htm,transportation-and-material-moving,airline-and-commercial-pilots
Aerobics Instructor,https://www.bls.gov/ooh/personal-care-and-service/fitness-trainers-and-instructors.htm,personal-care-and-service,fitness-trainers-and-instructors
Aerodynamics Engineer,https://www.bls.gov/ooh/architecture-and-engineering/aerospace-engineers.htm,architecture-and-engineering,aerospace-engineers
Aeronautical Drafter,https://www.bls.gov/ooh/architecture-and-engineering/drafters.htm,architecture-and-engineering,drafters
Aerospace Engineering and Operations Technologist,https://www.bls.gov/ooh/architecture-and-engineering/aerospace-engineering-and-operations-technicians.htm,architecture-and-engineering,aerospace-engineering-and-operations-technicians
Aerospace Products Sales Engineer,https://www.bls.gov/ooh/sales/sales-engineers.htm,sales,sales-engineers
Agency Legal Counsel,https://www.bls.gov/ooh/legal/lawyers.htm,legal,lawyers
Agricultural and food science technicians,https://www.bls.gov/ooh/life-physical-and-social-science/agricultural-and-food-science-technicians.htm,life-physical-and-social-science,agricultural-and-food-science-technicians
Agricultural and food scientists,https://www.bls.gov/ooh/life-physical-and-social-science/agricultural-and-food-scientists.htm,life-physical-and-social-science,agricultural-and-food-scientists
Agricultural Chemist,https://www.bls.gov/ooh/life-physical-and-social-science/chemists-and-materials-scientists.htm,life-physical-and-social-science,chemists-and-materials-scientists
Agricultural Crop Farm Manager,https://www.bls.gov/ooh/management/farmers-ranchers-and-other-agricultural-managers.htm,management,farmers-ranchers-and-other-agricultural-managers
Agricultural Economist,https://www.bls.gov/ooh/life-physical-and-social-science/economists.htm,life-physical-and-social-science,economists
Agricultural Engineer,https://www.bls.gov/ooh/architecture-and-engineering/agricultural-engineers.htm,architecture-and-engineering,agricultural-engineers
Agricultural Equipment Mechanic,https://www.bls.gov/ooh/installation-maintenance-and-repair/heavy-vehicle-and-mobile-equipment-service-technicians.htm,installation-maintenance-and-repair,heavy-vehicle-and-mobile-equipment-service-technicians
Agricultural Real Estate Agent,https://www.bls.gov/ooh/sales/real-estate-brokers-and-sales-agents.htm,sales,real-estate-brokers-and-sales-agents
Agricultural Research Director,https://www.bls.gov/ooh/management/natural-sciences-managers.htm,management,natural-sciences-managers
Agricultural workers,https://www.bls.gov/ooh/farming-fishing-and-forestry/agricultural-workers.htm,farming-fishing-and-forestry,agricultural-workers
Air Analysis Engineering Technician,https://www.bls.gov/ooh/architecture-and-engineering/environmental-engineering-technicians.htm,architecture-and-engineering,environmental-engineering-technicians
Air Bag Builder,https://www.bls.gov/ooh/production/assemblers-and-fabricators.htm,production,assemblers-and-fabricators
Air Conditioning Service Technician,https://www.bls.gov/ooh/installation-maintenance-and-repair/heating-air-conditioning-and-refrigeration-mechanics-and-installers.htm,installation-maintenance-and-repair,heating-air-conditioning-and-refrigeration-mechanics-and-installers
Air Conditioning Sheet Metal Installer,https://www.bls.gov/ooh/construction-and-extraction/sheet-metal-workers.htm,construction-and-extraction,sheet-metal-workers
Aircraft Cleaner,https://www.bls.gov/ooh/transportation-and-material-moving/hand-laborers-and-material-movers.htm,transportation-and-material-moving,hand-laborers-and-material-movers
Aircraft Painter,https://www.bls.gov/ooh/production/painting-and-coating-workers.htm,production,painting-and-coating-workers
Airline Flight Attendant,https://www.bls.gov/ooh/transportation-and-material-moving/flight-attendants.htm,transportation-and-material-moving,flight-attendants
Air Pollution Compliance Inspector,https://www.bls.gov/ooh/business-and-financial/compliance-officers.htm,business-and-financial,compliance-officers
Air Pollution Control Engineer,https://www.bls.gov/ooh/architecture-and-engineering/environmental-engineers.htm,architecture-and-engineering,environmental-engineers
Airport Apron Bus Driver,https://www.bls.gov/ooh/transportation-and-material-moving/taxi-drivers-and-chauffeurs.htm,transportation-and-material-moving,taxi-drivers-and-chauffeurs
Airport Manager,https://www.bls.gov/ooh/management/transportation-storage-and-distribution-managers.htm,management,transportation-storage-and-distribution-managers
Airport Tower Controller,https://www.bls.gov/ooh/transportation-and-material-moving/air-traffic-controllers.htm,transportation-and-material-moving,air-traffic-controllers
Air Quality Technician,https://www.bls.gov/ooh/life-physical-and-social-science/environmental-science-and-protection-technicians.htm,life-physical-and-social-science,environmental-science-and-protection-technicians
Airset Caster,https://www.bls.gov/ooh/production/metal-and-plastic-machine-workers.htm,production,metal-and-plastic-machine-workers
Algebraist,https://www.bls.gov/ooh/math/mathematicians-and-statisticians.htm,math,mathematicians-and-statisticians
Algebra Tutor,https://www.bls.gov/ooh/education-training-and-library/tutors.htm,education-training-and-library,tutors
Alligator Hunter,https://www.bls.gov/ooh/farming-fishing-and-forestry/fishers-and-related-fishing-workers.htm,farming-fishing-and-forestry,fishers-and-related-fishing-workers
All Terrain Vehicle Technician,https://www.bls.gov/ooh/installation-maintenance-and-repair/small-engine-mechanics.htm,installation-maintenance-and-repair,small-engine-mechanics
Almond Paste Mixer,https://www.bls.gov/ooh/production/food-and-tobacco-processing-workers.htm,production,food-and-tobacco-processing-workers
Alternative Dispute Resolution Coordinator,https://www.bls.gov/ooh/legal/arbitrators-mediators-and-conciliators.htm,legal,arbitrators-mediators-and-conciliators
Aluminum Welder,https://www.bls.gov/ooh/production/welders-cutters-solderers-and-brazers.htm,production,welders-cutters-solderers-and-brazers
Ambulance Driver-Paramedic,https://www.bls.gov/ooh/healthcare/emts-and-paramedics.htm,healthcare,emts-and-paramedics
American Board Certified Orthotist,https://www.bls.gov/ooh/healthcare/orthotists-and-prosthetists.htm,healthcare,orthotists-and-prosthetists
American Sign Language Interpreter,https://www.bls.gov/ooh/media-and-communication/interpreters-and-translators.htm,media-and-communication,interpreters-and-translators
Ampoule Examiner,https://www.bls.gov/ooh/production/quality-control-inspectors.htm,production,quality-control-inspectors
Amusement Park Manager,https://www.bls.gov/ooh/management/entertainment-and-recreation-managers.htm,management,entertainment-and-recreation-managers
Anesthesiologist Assistant,https://www.bls.gov/ooh/healthcare/physician-assistants.htm,healthcare,physician-assistants
Angle Dozer Operator,https://www.bls.gov/ooh/construction-and-extraction/construction-equipment-operators.htm,construction-and-extraction,construction-equipment-operators
Animal care and service workers,https://www.bls.gov/ooh/personal-care-and-service/animal-care-and-service-workers.htm,personal-care-and-service,animal-care-and-service-workers
Animal Pathologist,https://www.bls.gov/ooh/healthcare/veterinarians.htm,healthcare,veterinarians
Announcers and DJs,https://www.bls.gov/ooh/media-and-communication/announcers.htm,media-and-communication,announcers
Antenna Engineer,https://www.bls.gov/ooh/architecture-and-engineering/electrical-and-electronics-engineers.htm,architecture-and-engineering,electrical-and-electronics-engineers
Anthropologist,https://www.bls.gov/ooh/life-physical-and-social-science/anthropologists-and-archeologists.htm,life-physical-and-social-science,anthropologists-and-archeologists
Apartment Manager,https://www.bls.gov/ooh/management/property-real-estate-and-community-association-managers.htm,management,property-real-estate-and-community-association-managers
Apothecary,https://www.bls.gov/ooh/healthcare/pharmacists.htm,healthcare,pharmacists
Apparel Designer,https://www.bls.gov/ooh/arts-and-design/fashion-designers.htm,arts-and-design,fashion-designers
Appliance Parts Counter Clerk,https://www.bls.gov/ooh/sales/retail-sales-workers.htm,sales,retail-sales-workers
Application Development Director,https://www.bls.gov/ooh/management/computer-and-information-systems-managers.htm,management,computer-and-information-systems-managers
Application Integration Engineer,https://www.bls.gov/ooh/computer-and-information-technology/software-developers.htm,computer-and-information-technology,software-developers
Applications Analyst,https://www.bls.gov/ooh/computer-and-information-technology/computer-systems-analysts.htm,computer-and-information-technology,computer-systems-analysts
Applications Programmer,https://www.bls.gov/ooh/computer-and-information-technology/computer-programmers.htm,computer-and-information-technology,computer-programmers
Applied Exercise Physiologist,https://www.bls.gov/ooh/healthcare/exercise-physiologists.htm,healthcare,exercise-physiologists
Appointment Clerk,https://www.bls.gov/ooh/office-and-administrative-support/receptionists.htm,office-and-administrative-support,receptionists
Aquatic Biologist,https://www.bls.gov/ooh/life-physical-and-social-science/zoologists-and-wildlife-biologists.htm,life-physical-and-social-science,zoologists-and-wildlife-biologists
Arch-Support Maker,https://www.bls.gov/ooh/production/dental-and-ophthalmic-laboratory-technicians-and-medical-appliance-technicians.htm,production,dental-and-ophthalmic-laboratory-technicians-and-medical-appliance-technicians
Architects,https://www.bls.gov/ooh/architecture-and-engineering/architects.htm,architecture-and-engineering,architects
Architectural and engineering managers,https://www.bls.gov/ooh/management/architectural-and-engineering-managers.htm,management,architectural-and-engineering-managers
Architectural Drafting Instructor,https://www.bls.gov/ooh/education-training-and-library/career-and-technical-education-teachers.htm,education-training-and-library,career-and-technical-education-teachers
Architectural Engineer,https://www.bls.gov/ooh/architecture-and-engineering/civil-engineers.htm,architecture-and-engineering,civil-engineers
Architectural Inspector,https://www.bls.gov/ooh/construction-and-extraction/construction-and-building-inspectors.htm,construction-and-extraction,construction-and-building-inspectors
"Archivists, curators, and museum workers",https://www.bls.gov/ooh/education-training-and-library/curators-museum-technicians-and-conservators.htm,education-training-and-library,curators-museum-technicians-and-conservators
Armed Guard,https://www.bls.gov/ooh/protective-service/security-guards.htm,protective-service,security-guards
Arson Investigator,https://www.bls.gov/ooh/protective-service/fire-inspectors-and-investigators.htm,protective-service,fire-inspectors-and-investigators
Art directors,https://www.bls.gov/ooh/arts-and-design/art-directors.htm,arts-and-design,art-directors
Artist's Model,https://www.bls.gov/ooh/sales/models.htm,sales,models
Asbestos Abatement Worker,https://www.bls.gov/ooh/construction-and-extraction/hazardous-materials-removal-workers.htm,construction-and-extraction,hazardous-materials-removal-workers
Ash Conveyor Operator,https://www.bls.gov/ooh/transportation-and-material-moving/material-moving-machine-operators.htm,transportation-and-material-moving,material-moving-machine-operators
Assayer,https://www.bls.gov/ooh/life-physical-and-social-science/chemical-technicians.htm,life-physical-and-social-science,chemical-technicians
Assembly Instructions Writer,https://www.bls.gov/ooh/media-and-communication/technical-writers.htm,media-and-communication,technical-writers
Assistant Paralegal,https://www.bls.gov/ooh/legal/paralegals-and-legal-assistants.htm,legal,paralegals-and-legal-assistants
Astrophysicist,https://www.bls.gov/ooh/life-physical-and-social-science/physicists-and-astronomers.htm,life-physical-and-social-science,physicists-and-astronomers
Athletes and sports competitors,https://www.bls.gov/ooh/entertainment-and-sports/athletes-and-sports-competitors.htm,entertainment-and-sports,athletes-and-sports-competitors
Athletic Coach,https://www.bls.gov/ooh/entertainment-and-sports/coaches-and-scouts.htm,entertainment-and-sports,coaches-and-scouts
Athletic Events Scorer,https://www.bls.gov/ooh/entertainment-and-sports/umpires-referees-and-other-sports-officials.htm,entertainment-and-sports,umpires-referees-and-other-sports-officials
Athletic trainers,https://www.bls.gov/ooh/healthcare/athletic-trainers.htm,healthcare,athletic-trainers
Atmospheric Chemist,https://www.bls.gov/ooh/life-physical-and-social-science/atmospheric-scientists-including-meteorologists.htm,life-physical-and-social-science,atmospheric-scientists-including-meteorologists
Atomic Process Engineer,https://www.bls.gov/ooh/architecture-and-engineering/nuclear-engineers.htm,architecture-and-engineering,nuclear-engineers
Audio-Visual Production Specialist,https://www.bls.gov/ooh/media-and-communication/broadcast-and-sound-engineering-technicians.htm,media-and-communication,broadcast-and-sound-engineering-technicians
Audiologists,https://www.bls.gov/ooh/healthcare/audiologists.htm,healthcare,audiologists
Au Pair,https://www.bls.gov/ooh/personal-care-and-service/childcare-workers.htm,personal-care-and-service,childcare-workers
Auto Body Customizer,https://www.bls.gov/ooh/installation-maintenance-and-repair/automotive-body-and-glass-repairers.htm,installation-maintenance-and-repair,automotive-body-and-glass-repairers
Auto Carrier Driver,https://www.bls.gov/ooh/transportation-and-material-moving/heavy-and-tractor-trailer-truck-drivers.htm,transportation-and-material-moving,heavy-and-tractor-trailer-truck-drivers
Auto Clutch Rebuilder,https://www.bls.gov/ooh/installation-maintenance-and-repair/automotive-service-technicians-and-mechanics.htm,installation-maintenance-and-repair,automotive-service-technicians-and-mechanics
Auto Damage Appraiser,https://www.bls.gov/ooh/business-and-financial/claims-adjusters-appraisers-examiners-and-investigators.htm,business-and-financial,claims-adjusters-appraisers-examiners-and-investigators
Automatic Data Processing Planner,https://www.bls.gov/ooh/computer-and-information-technology/database-administrators.htm,computer-and-information-technology,database-administrators
Automobile and Property Underwriter,https://www.bls.gov/ooh/business-and-financial/insurance-underwriters.htm,business-and-financial,insurance-underwriters
Automobile Designer,https://www.bls.gov/ooh/arts-and-design/industrial-designers.htm,arts-and-design,industrial-designers
Automotive Machinist,https://www.bls.gov/ooh/production/machinists-and-tool-and-die-makers.htm,production,machinists-and-tool-and-die-makers
Automotive Sheet Metal Engineer,https://www.bls.gov/ooh/architecture-and-engineering/materials-engineers.htm,architecture-and-engineering,materials-engineers
Autopsy Assistant,https://www.bls.gov/ooh/healthcare/medical-assistants.htm,healthcare,medical-assistants
Auto Research Engineer,https://www.bls.gov/ooh/architecture-and-engineering/mechanical-engineers.htm,architecture-and-engineering,mechanical-engineers
Auto Travel Counselor,https://www.bls.gov/ooh/sales/travel-agents.htm,sales,travel-agents
Backup Sawyer,https://www.bls.gov/ooh/production/woodworkers.htm,production,woodworkers
Bacteriologist,https://www.bls.gov/ooh/life-physical-and-social-science/microbiologists.htm,life-physical-and-social-science,microbiologists
Bacteriology Technician,https://www.bls.gov/ooh/life-physical-and-social-science/biological-technicians.htm,life-physical-and-social-science,biological-technicians
Bagel Maker,https://www.bls.gov/ooh/production/bakers.htm,production,bakers
Bag Machine Adjuster,https://www.bls.gov/ooh/installation-maintenance-and-repair/industrial-machinery-mechanics-and-maintenance-workers-and-millwrights.htm,installation-maintenance-and-repair,industrial-machinery-mechanics-and-maintenance-workers-and-millwrights
Ballerina,https://www.bls.gov/ooh/entertainment-and-sports/dancers-and-choreographers.htm,entertainment-and-sports,dancers-and-choreographers
Ballistician,https://www.bls.gov/ooh/life-physical-and-social-science/forensic-science-technicians.htm,life-physical-and-social-science,forensic-science-technicians
Bank Branch Manager,https://www.bls.gov/ooh/management/financial-managers.htm,management,financial-managers
Bank Compliance Officer,https://www.bls.gov/ooh/business-and-financial/financial-examiners.htm,business-and-financial,financial-examiners
Banking Services Clerk,https://www.bls.gov/ooh/office-and-administrative-support/financial-clerks.htm,office-and-administrative-support,financial-clerks
Bank Teller,https://www.bls.gov/ooh/office-and-administrative-support/tellers.htm,office-and-administrative-support,tellers
Banquet Chef,https://www.bls.gov/ooh/food-preparation-and-serving/chefs-and-head-cooks.htm,food-preparation-and-serving,chefs-and-head-cooks
Banquet Cook,https://www.bls.gov/ooh/food-preparation-and-serving/cooks.htm,food-preparation-and-serving,cooks
Banquet Director,https://www.bls.gov/ooh/management/food-service-managers.htm,management,food-service-managers
Banquet Set Up Person,https://www.bls.gov/ooh/food-preparation-and-serving/food-and-beverage-serving-and-related-workers.htm,food-preparation-and-serving,food-and-beverage-serving-and-related-workers
Barber Apprentice,https://www.bls.gov/ooh/personal-care-and-service/barbers-hairstylists-and-cosmetologists.htm,personal-care-and-service,barbers-hairstylists-and-cosmetologists
Barkeep,https://www.bls.gov/ooh/food-preparation-and-serving/bartenders.htm,food-preparation-and-serving,bartenders
Beach Lifeguard,https://www.bls.gov/ooh/protective-service/recreational-protective-service-workers.htm,protective-service,recreational-protective-service-workers
Beam Builder,https://www.bls.gov/ooh/construction-and-extraction/carpenters.htm,construction-and-extraction,carpenters
Bean Weigher,https://www.bls.gov/ooh/office-and-administrative-support/material-recording-clerks.htm,office-and-administrative-support,material-recording-clerks
Bed and Breakfast Innkeeper,https://www.bls.gov/ooh/management/lodging-managers.htm,management,lodging-managers
Beef Splitter,https://www.bls.gov/ooh/production/butchers-and-meat-cutters.htm,production,butchers-and-meat-cutters
Behavioral Health Technician,https://www.bls.gov/ooh/healthcare/psychiatric-technicians-and-aides.htm,healthcare,psychiatric-technicians-and-aides
Benefits Analyst,https://www.bls.gov/ooh/business-and-financial/compensation-benefits-and-job-analysis-specialists.htm,business-and-financial,compensation-benefits-and-job-analysis-specialists
Bio-Mechanical Engineer,https://www.bls.gov/ooh/architecture-and-engineering/biomedical-engineers.htm,architecture-and-engineering,biomedical-engineers
Biochemist,https://www.bls.gov/ooh/life-physical-and-social-science/biochemists-and-biophysicists.htm,life-physical-and-social-science,biochemists-and-biophysicists
Biochemistry Technologist,https://www.bls.gov/ooh/healthcare/clinical-laboratory-technologists-and-technicians.htm,healthcare,clinical-laboratory-technologists-and-technicians
Biodiesel Engine Specialist,https://www.bls.gov/ooh/installation-maintenance-and-repair/diesel-service-technicians-and-mechanics.htm,installation-maintenance-and-repair,diesel-service-technicians-and-mechanics
Biogeographer,https://www.bls.gov/ooh/life-physical-and-social-science/geographers.htm,life-physical-and-social-science,geographers
Biomedical Electronics Technician,https://www.bls.gov/ooh/installation-maintenance-and-repair/medical-equipment-repairers.htm,installation-maintenance-and-repair,medical-equipment-repairers
Blind Aide,https://www.bls.gov/ooh/healthcare/home-health-aides-and-personal-care-aides.htm,healthcare,home-health-aides-and-personal-care-aides
Bobtailer,https://www.bls.gov/ooh/transportation-and-material-moving/delivery-truck-drivers-and-driver-sales-workers.htm,transportation-and-material-moving,delivery-truck-drivers-and-driver-sales-workers
Boiler Coverer,https://www.bls.gov/ooh/construction-and-extraction/insulation-workers.htm,construction-and-extraction,insulation-workers
Boiler Engineer,https://www.bls.gov/ooh/production/stationary-engineers-and-boiler-operators.htm,production,stationary-engineers-and-boiler-operators
Boiler Fitter,https://www.bls.gov/ooh/construction-and-extraction/boilermakers.htm,construction-and-extraction,boilermakers
Book Critic,https://www.bls.gov/ooh/media-and-communication/reporters-correspondents-and-broadcast-news-analysts.htm,media-and-communication,reporters-correspondents-and-broadcast-news-analysts
Book Illustrator,https://www.bls.gov/ooh/arts-and-design/craft-and-fine-artists.htm,arts-and-design,craft-and-fine-artists
Book Sorter,https://www.bls.gov/ooh/education-training-and-library/library-technicians-and-assistants.htm,education-training-and-library,library-technicians-and-assistants
Border Guard,https://www.bls.gov/ooh/protective-service/police-and-detectives.htm,protective-service,police-and-detectives
Bottling Equipment Sales Representative,https://www.bls.gov/ooh/sales/wholesale-and-manufacturing-sales-representatives.htm,sales,wholesale-and-manufacturing-sales-representatives
Branch Lending Officer,https://www.bls.gov/ooh/business-and-financial/loan-officers.htm,business-and-financial,loan-officers
Bridge Ironworker,https://www.bls.gov/ooh/construction-and-extraction/structural-iron-and-steel-workers.htm,construction-and-extraction,structural-iron-and-steel-workers
Bridge Painter,https://www.bls.gov/ooh/construction-and-extraction/painters-construction-and-maintenance.htm,construction-and-extraction,painters-construction-and-maintenance
Broadcast Producer,https://www.bls.gov/ooh/entertainment-and-sports/producers-and-directors.htm,entertainment-and-sports,producers-and-directors
Budget Analyst,https://www.bls.gov/ooh/business-and-financial/budget-analysts.htm,business-and-financial,budget-analysts
Building Custodian,https://www.bls.gov/ooh/building-and-grounds-cleaning/janitors-and-building-cleaners.htm,building-and-grounds-cleaning,janitors-and-building-cleaners
Building Maintenance Mechanic,https://www.bls.gov/ooh/installation-maintenance-and-repair/general-maintenance-and-repair-workers.htm,installation-maintenance-and-repair,general-maintenance-and-repair-workers
Bulk Mail Clerk,https://www.bls.gov/ooh/office-and-administrative-support/postal-service-workers.htm,office-and-administrative-support,postal-service-workers
Bus drivers,https://www.bls.gov/ooh/transportation-and-material-moving/bus-drivers.htm,transportation-and-material-moving,bus-drivers
Business Analyst,https://www.bls.gov/ooh/business-and-financial/management-analysts.htm,business-and-financial,management-analysts
Business Intelligence Developer,https://www.bls.gov/ooh/math/data-scientists.htm,math,data-scientists
C.N.A.,https://www.bls.gov/ooh/healthcare/nursing-assistants.htm,healthcare,nursing-assistants
Cable Television Installer,https://www.bls.gov/ooh/installation-maintenance-and-repair/telecommunications-equipment-installers-and-repairers-except-line-installers.htm,installation-maintenance-and-repair,telecommunications-equipment-installers-and-repairers-except-line-installers
Cadastral Mapper,https://www.bls.gov/ooh/architecture-and-engineering/cartographers-and-photogrammetrists.htm,architecture-and-engineering,cartographers-and-photogrammetrists
Calibration Technician,https://www.bls.gov/ooh/installation-maintenance-and-repair/calibration-technologists-and-technicians.htm,installation-maintenance-and-repair,calibration-technologists-and-technicians
Campaign Fundraiser,https://www.bls.gov/ooh/business-and-financial/fundraisers.htm,business-and-financial,fundraisers
Camp Counselor,https://www.bls.gov/ooh/personal-care-and-service/recreation-workers.htm,personal-care-and-service,recreation-workers
Cancer Registrar,https://www.bls.gov/ooh/healthcare/health-information-technologists-and-medical-registrars.htm,healthcare,health-information-technologists-and-medical-registrars
Cancer Researcher,https://www.bls.gov/ooh/life-physical-and-social-science/medical-scientists.htm,life-physical-and-social-science,medical-scientists
Cardiac/Vascular Sonographer,https://www.bls.gov/ooh/healthcare/diagnostic-medical-sonographers.htm,healthcare,diagnostic-medical-sonographers
Cardiac Catheterization Laboratory Technologist,https://www.bls.gov/ooh/healthcare/cardiovascular-technologists-and-technicians.htm,healthcare,cardiovascular-technologists-and-technicians
Cardiopulmonary Physical Therapist,https://www.bls.gov/ooh/healthcare/physical-therapists.htm,healthcare,physical-therapists
Carpet Layer,https://www.bls.gov/ooh/construction-and-extraction/tile-and-marble-setters.htm,construction-and-extraction,tile-and-marble-setters
Cartographic Aide,https://www.bls.gov/ooh/architecture-and-engineering/surveying-and-mapping-technicians.htm,architecture-and-engineering,surveying-and-mapping-technicians
Cashiers,https://www.bls.gov/ooh/sales/cashiers.htm,sales,cashiers
Cattle Buyer,https://www.bls.gov/ooh/business-and-financial/purchasing-managers-buyers-and-purchasing-agents.htm,business-and-financial,purchasing-managers-buyers-and-purchasing-agents
CCU Nurse,https://www.bls.gov/ooh/healthcare/registered-nurses.htm,healthcare,registered-nurses
Certified Dental Assistant,https://www.bls.gov/ooh/healthcare/dental-assistants.htm,healthcare,dental-assistants
Certified Detention Deputy,https://www.bls.gov/ooh/protective-service/correctional-officers.htm,protective-service,correctional-officers
Certified Diabetes Educator,https://www.bls.gov/ooh/community-and-social-service/health-educators.htm,community-and-social-service,health-educators
Certified Financial Planner,https://www.bls.gov/ooh/business-and-financial/personal-financial-advisors.htm,business-and-financial,personal-financial-advisors
Certified Genetic Counselor,https://www.bls.gov/ooh/healthcare/genetic-counselors.htm,healthcare,genetic-counselors
Certified Industrial Hygienist,https://www.bls.gov/ooh/healthcare/occupational-health-and-safety-specialists-and-technicians.htm,healthcare,occupational-health-and-safety-specialists-and-technicians
Certified Kitchen Designer,https://www.bls.gov/ooh/arts-and-design/interior-designers.htm,arts-and-design,interior-designers
Certified Legal Investigator,https://www.bls.gov/ooh/protective-service/private-detectives-and-investigators.htm,protective-service,private-detectives-and-investigators
Certified Medical Dosimetrist,https://www.bls.gov/ooh/healthcare/medical-dosimetrists.htm,healthcare,medical-dosimetrists
Certified Medical Transcriptionist,https://www.bls.gov/ooh/healthcare/medical-transcriptionists.htm,healthcare,medical-transcriptionists
Certified Meeting Professional,https://www.bls.gov/ooh/business-and-financial/meeting-convention-and-event-planners.htm,business-and-financial,meeting-convention-and-event-planners
Certified Mortician,https://www.bls.gov/ooh/personal-care-and-service/funeral-service-occupations.htm,personal-care-and-service,funeral-service-occupations
Certified Nuclear Medicine Technologist,https://www.bls.gov/ooh/healthcare/nuclear-medicine-technologists.htm,healthcare,nuclear-medicine-technologists
Certified Occupational Rehabilitation Aide,https://www.bls.gov/ooh/healthcare/occupational-therapy-assistants-and-aides.htm,healthcare,occupational-therapy-assistants-and-aides
Certified Optician,https://www.bls.gov/ooh/healthcare/opticians-dispensing.htm,healthcare,opticians-dispensing
Certified Pesticide Applicator,https://www.bls.gov/ooh/building-and-grounds-cleaning/grounds-maintenance-workers.htm,building-and-grounds-cleaning,grounds-maintenance-workers
Certified Pharmacy Technician,https://www.bls.gov/ooh/healthcare/pharmacy-technicians.htm,healthcare,pharmacy-technicians
Certified Phlebotomy Technician,https://www.bls.gov/ooh/healthcare/phlebotomists.htm,healthcare,phlebotomists
Certified Recreational Therapist,https://www.bls.gov/ooh/healthcare/recreational-therapists.htm,healthcare,recreational-therapists
Certified Rehabilitation Counselor,https://www.bls.gov/ooh/community-and-social-service/rehabilitation-counselors.htm,community-and-social-service,rehabilitation-counselors
Certified Respiratory Therapist,https://www.bls.gov/ooh/healthcare/respiratory-therapists.htm,healthcare,respiratory-therapists
Certified Surgical Technologist,https://www.bls.gov/ooh/healthcare/surgical-technologists.htm,healthcare,surgical-technologists
Certified Veterinary Technician,https://www.bls.gov/ooh/healthcare/veterinary-technologists-and-technicians.htm,healthcare,veterinary-technologists-and-technicians
Chief Electrician,https://www.bls.gov/ooh/construction-and-extraction/electricians.htm,construction-and-extraction,electricians
Chief Medical Information Officer,https://www.bls.gov/ooh/management/medical-and-health-services-managers.htm,management,medical-and-health-services-managers
Child and Family Counselor,https://www.bls.gov/ooh/community-and-social-service/marriage-and-family-therapists.htm,community-and-social-service,marriage-and-family-therapists
Childcare Center Administrator,https://www.bls.gov/ooh/management/preschool-and-childcare-center-directors.htm,management,preschool-and-childcare-center-directors
Child Welfare Director,https://www.bls.gov/ooh/management/social-and-community-service-managers.htm,management,social-and-community-service-managers
Chiropodist,https://www.bls.gov/ooh/healthcare/podiatrists.htm,healthcare,podiatrists
Chiropractic Doctor,https://www.bls.gov/ooh/healthcare/chiropractors.htm,healthcare,chiropractors
Choir Director,https://www.bls.gov/ooh/entertainment-and-sports/music-directors-and-composers.htm,entertainment-and-sports,music-directors-and-composers
CHW,https://www.bls.gov/ooh/community-and-social-service/community-health-workers.htm,community-and-social-service,community-health-workers
City Collector,https://www.bls.gov/ooh/business-and-financial/tax-examiners-and-collectors-and-revenue-agents.htm,business-and-financial,tax-examiners-and-collectors-and-revenue-agents
City Planner,https://www.bls.gov/ooh/life-physical-and-social-science/urban-and-regional-planners.htm,life-physical-and-social-science,urban-and-regional-planners
City Surveyor,https://www.bls.gov/ooh/architecture-and-engineering/surveyors.htm,architecture-and-engineering,surveyors
Civil Engineering Technician,https://www.bls.gov/ooh/architecture-and-engineering/civil-engineering-technicians.htm,architecture-and-engineering,civil-engineering-technicians
Clean Room Technician,https://www.bls.gov/ooh/production/semiconductor-processing-technicians.htm,production,semiconductor-processing-technicians
Clinical Dietitian,https://www.bls.gov/ooh/healthcare/dietitians-and-nutritionists.htm,healthcare,dietitians-and-nutritionists
Clinical Epidemiologist,https://www.bls.gov/ooh/life-physical-and-social-science/epidemiologists.htm,life-physical-and-social-science,epidemiologists
Clinical Rehabilitation Aide,https://www.bls.gov/ooh/healthcare/physical-therapist-assistants-and-aides.htm,healthcare,physical-therapist-assistants-and-aides
Coal Tram Driver,https://www.bls.gov/ooh/transportation-and-material-moving/railroad-occupations.htm,transportation-and-material-moving,railroad-occupations
Cocktail Server,https://www.bls.gov/ooh/food-preparation-and-serving/waiters-and-waitresses.htm,food-preparation-and-serving,waiters-and-waitresses
Combination Slasher-Loader Operator,https://www.bls.gov/ooh/farming-fishing-and-forestry/logging-workers.htm,farming-fishing-and-forestry,logging-workers
Commodities Broker,https://www.bls.gov/ooh/sales/securities-commodities-and-financial-services-sales-agents.htm,sales,securities-commodities-and-financial-services-sales-agents
Communication Manager,https://www.bls.gov/ooh/management/public-relations-managers.htm,management,public-relations-managers
Compensation and benefits managers,https://www.bls.gov/ooh/management/compensation-and-benefits-managers.htm,management,compensation-and-benefits-managers
Complaint Clerk,https://www.bls.gov/ooh/office-and-administrative-support/customer-service-representatives.htm,office-and-administrative-support,customer-service-representatives
Composition Roofer,https://www.bls.gov/ooh/construction-and-extraction/roofers.htm,construction-and-extraction,roofers
Computational Theory Scientist,https://www.bls.gov/ooh/computer-and-information-technology/computer-and-information-research-scientists.htm,computer-and-information-technology,computer-and-information-research-scientists
Computed Axial Tomography Technologist,https://www.bls.gov/ooh/healthcare/radiologic-technologists.htm,healthcare,radiologic-technologists
Computer Customer Support Specialist,https://www.bls.gov/ooh/computer-and-information-technology/computer-support-specialists.htm,computer-and-information-technology,computer-support-specialists
Computer Hardware Designer,https://www.bls.gov/ooh/architecture-and-engineering/computer-hardware-engineers.htm,architecture-and-engineering,computer-hardware-engineers
Computer network architects,https://www.bls.gov/ooh/computer-and-information-technology/computer-network-architects.htm,computer-and-information-technology,computer-network-architects
Computer Security Specialist,https://www.bls.gov/ooh/computer-and-information-technology/information-security-analysts.htm,computer-and-information-technology,information-security-analysts
Computer Software Training Specialist,https://www.bls.gov/ooh/business-and-financial/training-and-development-specialists.htm,business-and-financial,training-and-development-specialists
Conservation Science Officer,https://www.bls.gov/ooh/life-physical-and-social-science/conservation-scientists.htm,life-physical-and-social-science,conservation-scientists
Construction Coordinator,https://www.bls.gov/ooh/management/construction-managers.htm,management,construction-managers
Construction Estimator,https://www.bls.gov/ooh/business-and-financial/cost-estimators.htm,business-and-financial,cost-estimators
Continuing Education Director,https://www.bls.gov/ooh/management/postsecondary-education-administrators.htm,management,postsecondary-education-administrators
Corporate Financial Analyst,https://www.bls.gov/ooh/business-and-financial/financial-analysts.htm,business-and-financial,financial-analysts
Corporate Recruiter,https://www.bls.gov/ooh/business-and-financial/human-resources-specialists.htm,business-and-financial,human-resources-specialists
Correctional Treatment Specialist,https://www.bls.gov/ooh/community-and-social-service/probation-officers-and-correctional-treatment-specialists.htm,community-and-social-service,probation-officers-and-correctional-treatment-specialists
Corsage Maker,https://www.bls.gov/ooh/arts-and-design/floral-designers.htm,arts-and-design,floral-designers
Court Recording Monitor,https://www.bls.gov/ooh/legal/court-reporters.htm,legal,court-reporters
Credit Counselor,https://www.bls.gov/ooh/business-and-financial/credit-counselors.htm,business-and-financial,credit-counselors
Criminologist,https://www.bls.gov/ooh/life-physical-and-social-science/sociologists.htm,life-physical-and-social-science,sociologists
Crude Tester,https://www.bls.gov/ooh/life-physical-and-social-science/geological-and-petroleum-technicians.htm,life-physical-and-social-science,geological-and-petroleum-technicians
Cruise Director,https://www.bls.gov/ooh/personal-care-and-service/tour-and-travel-guides.htm,personal-care-and-service,tour-and-travel-guides
Crystallographer,https://www.bls.gov/ooh/life-physical-and-social-science/geoscientists.htm,life-physical-and-social-science,geoscientists
Cue Selector,https://www.bls.gov/ooh/media-and-communication/film-and-video-editors-and-camera-operators.htm,media-and-communication,film-and-video-editors-and-camera-operators
Curriculum and Assessment Director,https://www.bls.gov/ooh/education-training-and-library/instructional-coordinators.htm,education-training-and-library,instructional-coordinators
Deep Tissue Massage Therapist,https://www.bls.gov/ooh/healthcare/massage-therapists.htm,healthcare,massage-therapists
Deli Clerk,https://www.bls.gov/ooh/food-preparation-and-serving/food-preparation-workers.htm,food-preparation-and-serving,food-preparation-workers
Dental hygienists,https://www.bls.gov/ooh/healthcare/dental-hygienists.htm,healthcare,dental-hygienists
Dental Surgeon,https://www.bls.gov/ooh/healthcare/dentists.htm,healthcare,dentists
Derrick Operator,https://www.bls.gov/ooh/construction-and-extraction/oil-and-gas-workers.htm,construction-and-extraction,oil-and-gas-workers
Design Project Management Specialists,https://www.bls.gov/ooh/business-and-financial/project-management-specialists.htm,business-and-financial,project-management-specialists
Desktop publishers,https://www.bls.gov/ooh/office-and-administrative-support/desktop-publishers.htm,office-and-administrative-support,desktop-publishers
Developmental Psychologist,https://www.bls.gov/ooh/life-physical-and-social-science/psychologists.htm,life-physical-and-social-science,psychologists
Diamond Grader,https://www.bls.gov/ooh/production/jewelers-and-precious-stone-and-metal-workers.htm,production,jewelers-and-precious-stone-and-metal-workers
Digital Designer,https://www.bls.gov/ooh/computer-and-information-technology/web-developers.htm,computer-and-information-technology,web-developers
Director of Civil Defense,https://www.bls.gov/ooh/management/emergency-management-directors.htm,management,emergency-management-directors
District Sales Manager,https://www.bls.gov/ooh/management/sales-managers.htm,management,sales-managers
Doctor of Optometry,https://www.bls.gov/ooh/healthcare/optometrists.htm,healthcare,optometrists
E-Learning Manager,https://www.bls.gov/ooh/management/training-and-development-managers.htm,management,training-and-development-managers
Early Childhood Special Education Teacher,https://www.bls.gov/ooh/education-training-and-library/special-education-teachers.htm,education-training-and-library,special-education-teachers
Early Childhood Teacher,https://www.bls.gov/ooh/education-training-and-library/preschool-teachers.htm,education-training-and-library,preschool-teachers
Ecological Modeler,https://www.bls.gov/ooh/life-physical-and-social-science/environmental-scientists-and-specialists.htm,life-physical-and-social-science,environmental-scientists-and-specialists
Efficiency Engineer,https://www.bls.gov/ooh/architecture-and-engineering/industrial-engineers.htm,architecture-and-engineering,industrial-engineers
Electo-Mechanical and Mechatronics Technologist,https://www.bls.gov/ooh/architecture-and-engineering/electro-mechanical-technicians.htm,architecture-and-engineering,electro-mechanical-technicians
Electrical and Electronic Engineering Technologist,https://www.bls.gov/ooh/architecture-and-engineering/electrical-and-electronics-engineering-technicians.htm,architecture-and-engineering,electrical-and-electronics-engineering-technicians
Electrical High Tension Tester,https://www.bls.gov/ooh/installation-maintenance-and-repair/line-installers-and-repairers.htm,installation-maintenance-and-repair,line-installers-and-repairers
Electrolysis Needle Operator,https://www.bls.gov/ooh/personal-care-and-service/skincare-specialists.htm,personal-care-and-service,skincare-specialists
"Elementary, middle, and high school principals",https://www.bls.gov/ooh/management/elementary-middle-and-high-school-principals.htm,management,elementary-middle-and-high-school-principals
Elevator Adjuster,https://www.bls.gov/ooh/construction-and-extraction/elevator-installers-and-repairers.htm,construction-and-extraction,elevator-installers-and-repairers
Employee Relations Manager,https://www.bls.gov/ooh/management/human-resources-managers.htm,management,human-resources-managers
Employee Relations Specialist,https://www.bls.gov/ooh/business-and-financial/labor-relations-specialists.htm,business-and-financial,labor-relations-specialists
Environmental Communications Specialist,https://www.bls.gov/ooh/media-and-communication/public-relations-specialists.htm,media-and-communication,public-relations-specialists
Estate Appraiser,https://www.bls.gov/ooh/business-and-financial/appraisers-and-assessors-of-real-estate.htm,business-and-financial,appraisers-and-assessors-of-real-estate
Exterminator,https://www.bls.gov/ooh/building-and-grounds-cleaning/pest-control-workers.htm,building-and-grounds-cleaning,pest-control-workers
Fingernail Sculptor,https://www.bls.gov/ooh/personal-care-and-service/manicurists-and-pedicurists.htm,personal-care-and-service,manicurists-and-pedicurists
Fire Engine Pump Operator,https://www.bls.gov/ooh/protective-service/firefighters.htm,protective-service,firefighters
Fire Prevention Engineer,https://www.bls.gov/ooh/architecture-and-engineering/health-and-safety-engineers.htm,architecture-and-engineering,health-and-safety-engineers
Fire Sprinkler Installer,https://www.bls.gov/ooh/construction-and-extraction/plumbers-pipefitters-and-steamfitters.htm,construction-and-extraction,plumbers-pipefitters-and-steamfitters
Forest and conservation workers,https://www.bls.gov/ooh/farming-fishing-and-forestry/forest-and-conservation-workers.htm,farming-fishing-and-forestry,forest-and-conservation-workers
Genealogist,https://www.bls.gov/ooh/life-physical-and-social-science/historians.htm,life-physical-and-social-science,historians
Geophysical Engineer,https://www.bls.gov/ooh/architecture-and-engineering/mining-and-geological-engineers.htm,architecture-and-engineering,mining-and-geological-engineers
Glaziers,https://www.bls.gov/ooh/construction-and-extraction/glaziers.htm,construction-and-extraction,glaziers
Golf Course Architect,https://www.bls.gov/ooh/architecture-and-engineering/landscape-architects.htm,architecture-and-engineering,landscape-architects
Government Affairs Researcher,https://www.bls.gov/ooh/life-physical-and-social-science/political-scientists.htm,life-physical-and-social-science,political-scientists
Graphic Artist,https://www.bls.gov/ooh/arts-and-design/graphic-designers.htm,arts-and-design,graphic-designers
Gyroscopic Engineering Technician,https://www.bls.gov/ooh/architecture-and-engineering/mechanical-engineering-technicians.htm,architecture-and-engineering,mechanical-engineering-technicians
Health Information Coder,https://www.bls.gov/ooh/healthcare/medical-records-and-health-information-technicians.htm,healthcare,medical-records-and-health-information-technicians
Health Insurance Sales Agent,https://www.bls.gov/ooh/sales/insurance-sales-agents.htm,sales,insurance-sales-agents
High School Algebra Teacher,https://www.bls.gov/ooh/education-training-and-library/high-school-teachers.htm,education-training-and-library,high-school-teachers
Hydroelectric Plant Operator,https://www.bls.gov/ooh/production/power-plant-operators-distributors-and-dispatchers.htm,production,power-plant-operators-distributors-and-dispatchers
Hydrogeologist,https://www.bls.gov/ooh/life-physical-and-social-science/hydrologists.htm,life-physical-and-social-science,hydrologists
Industrial Engineering Technician,https://www.bls.gov/ooh/architecture-and-engineering/industrial-engineering-technicians.htm,architecture-and-engineering,industrial-engineering-technicians
Industrial Production Manager,https://www.bls.gov/ooh/management/industrial-production-managers.htm,management,industrial-production-managers
Industrial Waste Treatment Technician,https://www.bls.gov/ooh/production/water-and-wastewater-treatment-plant-and-system-operators.htm,production,water-and-wastewater-treatment-plant-and-system-operators
Intermediate School Social Studies Teacher,https://www.bls.gov/ooh/education-training-and-library/middle-school-teachers.htm,education-training-and-library,middle-school-teachers
Laboratory Animal Caretaker,https://www.bls.gov/ooh/healthcare/veterinary-assistants-and-laboratory-animal-caretakers.htm,healthcare,veterinary-assistants-and-laboratory-animal-caretakers
LAN Administrator,https://www.bls.gov/ooh/computer-and-information-technology/network-and-computer-systems-administrators.htm,computer-and-information-technology,network-and-computer-systems-administrators
Language Pathologist,https://www.bls.gov/ooh/healthcare/speech-language-pathologists.htm,healthcare,speech-language-pathologists
Licensed practical and licensed vocational nurses,https://www.bls.gov/ooh/healthcare/licensed-practical-and-licensed-vocational-nurses.htm,healthcare,licensed-practical-and-licensed-vocational-nurses
Logistician,https://www.bls.gov/ooh/business-and-financial/logisticians.htm,business-and-financial,logisticians
Marine Architect,https://www.bls.gov/ooh/architecture-and-engineering/marine-engineers-and-naval-architects.htm,architecture-and-engineering,marine-engineers-and-naval-architects
Military careers,https://www.bls.gov/ooh/military/military-careers.htm,military,military-careers
Natural Gas Engineer,https://www.bls.gov/ooh/architecture-and-engineering/petroleum-engineers.htm,architecture-and-engineering,petroleum-engineers
Nuclear Monitoring Technician,https://www.bls.gov/ooh/life-physical-and-social-science/nuclear-technicians.htm,life-physical-and-social-science,nuclear-technicians
Occupational Therapist,https://www.bls.gov/ooh/healthcare/occupational-therapists.htm,healthcare,occupational-therapists
Operations Analyst,https://www.bls.gov/ooh/math/operations-research-analysts.htm,math,operations-research-analysts
Photovoltaic (PV) Installation Technician,https://www.bls.gov/ooh/construction-and-extraction/solar-photovoltaic-installers.htm,construction-and-extraction,solar-photovoltaic-installers
Pollster,https://www.bls.gov/ooh/life-physical-and-social-science/survey-researchers.htm,life-physical-and-social-science,survey-researchers
Radiation therapists,https://www.bls.gov/ooh/healthcare/radiation-therapists.htm,healthcare,radiation-therapists
Scenic Designer,https://www.bls.gov/ooh/arts-and-design/set-and-exhibit-designers.htm,arts-and-design,set-and-exhibit-designers
Wind Energy Mechanic,https://www.bls.gov/ooh/installation-maintenance-and-repair/wind-turbine-technicians.htm,installation-maintenance-and-repair,wind-turbine-technicians
