group,slug,url,status
personal-care-and-service,gaming-services-occupations,https://www.bls.gov/ooh/personal-care-and-service/gaming-services-occupations.htm,cached
arts-and-design,multimedia-artists-and-animators,https://www.bls.gov/ooh/arts-and-design/multimedia-artists-and-animators.htm,cached
education-training-and-library,kindergarten-and-elementary-school-teachers,https://www.bls.gov/ooh/education-training-and-library/kindergarten-and-elementary-school-teachers.htm,cached
office-and-administrative-support,police-fire-and-ambulance-dispatchers,https://www.bls.gov/ooh/office-and-administrative-support/police-fire-and-ambulance-dispatchers.htm,cached
installation-maintenance-and-repair,aircraft-and-avionics-equipment-mechanics-and-technicians,https://www.bls.gov/ooh/installation-maintenance-and-repair/aircraft-and-avionics-equipment-mechanics-and-technicians.htm,cached
transportation-and-material-moving,water-transportation-occupations,https://www.bls.gov/ooh/transportation-and-material-moving/water-transportation-occupations.htm,cached
architecture-and-engineering,chemical-engineers,https://www.bls.gov/ooh/architecture-and-engineering/chemical-engineers.htm,cached
installation-maintenance-and-repair,electrical-and-electronics-installers-and-repairers,https://www.bls.gov/ooh/installation-maintenance-and-repair/electrical-and-electronics-installers-and-repairers.htm,cached
entertainment-and-sports,musicians-and-singers,https://www.bls.gov/ooh/entertainment-and-sports/musicians-and-singers.htm,cached
business-and-financial,accountants-and-auditors,https://www.bls.gov/ooh/business-and-financial/accountants-and-auditors.htm,cached
education-training-and-library,postsecondary-teachers,https://www.bls.gov/ooh/education-training-and-library/postsecondary-teachers.htm,cached
office-and-administrative-support,bill-and-account-collectors,https://www.bls.gov/ooh/office-and-administrative-support/bill-and-account-collectors.htm,cached
office-and-administrative-support,bookkeeping-accounting-and-auditing-clerks,https://www.bls.gov/ooh/office-and-administrative-support/bookkeeping-accounting-and-auditing-clerks.htm,cached
office-and-administrative-support,secretaries-and-administrative-assistants,https://www.bls.gov/ooh/office-and-administrative-support/secretaries-and-administrative-assistants.htm,cached
construction-and-extraction,drywall-and-ceiling-tile-installers-and-tapers,https://www.bls.gov/ooh/construction-and-extraction/drywall-and-ceiling-tile-installers-and-tapers.htm,cached
education-training-and-library,librarians,https://www.bls.gov/ooh/education-training-and-library/librarians.htm,cached
personal-care-and-service,concierges,https://www.bls.gov/ooh/personal-care-and-service/concierges.htm,cached
entertainment-and-sports,actors,https://www.bls.gov/ooh/entertainment-and-sports/actors.htm,cached
math,actuaries,https://www.bls.gov/ooh/math/actuaries.htm,cached
healthcare,nurse-anesthetists-nurse-midwives-and-nurse-practitioners,https://www.bls.gov/ooh/healthcare/nurse-anesthetists-nurse-midwives-and-nurse-practitioners.htm,cached
community-and-social-service,substance-abuse-behavioral-disorder-and-mental-health-counselors,https://www.bls.gov/ooh/community-and-social-service/substance-abuse-behavioral-disorder-and-mental-health-counselors.htm,cached
healthcare,physicians-and-surgeons,https://www.bls.gov/ooh/healthcare/physicians-and-surgeons.htm,cached
community-and-social-service,social-and-human-service-assistants,https://www.bls.gov/ooh/community-and-social-service/social-and-human-service-assistants.htm,cached
office-and-administrative-support,general-office-clerks,https://www.bls.gov/ooh/office-and-administrative-support/general-office-clerks.htm,cached
legal,judges-and-hearing-officers,https://www.bls.gov/ooh/legal/judges-and-hearing-officers.htm,cached
management,administrative-services-managers,https://www.bls.gov/ooh/management/administrative-services-managers.htm,cached
management,top-executives,https://www.bls.gov/ooh/management/top-executives.htm,cached
community-and-social-service,school-and-career-counselors,https://www.bls.gov/ooh/community-and-social-service/school-and-career-counselors.htm,cached
office-and-administrative-support,information-clerks,https://www.bls.gov/ooh/office-and-administrative-support/information-clerks.htm,cached
construction-and-extraction,brickmasons-blockmasons-and-stonemasons,https://www.bls.gov/ooh/construction-and-extraction/brickmasons-blockmasons-and-stonemasons.htm,cached
construction-and-extraction,construction-laborers-and-helpers,https://www.bls.gov/ooh/construction-and-extraction/construction-laborers-and-helpers.htm,cached
education-training-and-library,adult-literacy-and-ged-teachers,https://www.bls.gov/ooh/education-training-and-library/adult-literacy-and-ged-teachers.htm,cached
education-training-and-library,teacher-assistants,https://www.bls.gov/ooh/education-training-and-library/teacher-assistants.htm,cached
community-and-social-service,social-workers,https://www.bls.gov/ooh/community-and-social-service/social-workers.htm,cached
management,advertising-promotions-and-marketing-managers,https://www.bls.gov/ooh/management/advertising-promotions-and-marketing-managers.htm,cached
sales,advertising-sales-agents,https://www.bls.gov/ooh/sales/advertising-sales-agents.htm,cached
business-and-financial,market-research-analysts,https://www.bls.gov/ooh/business-and-financial/market-research-analysts.htm,cached
media-and-communication,writers-and-authors,https://www.bls.gov/ooh/media-and-communication/writers-and-authors.htm,cached
media-and-communication,editors,https://www.bls.gov/ooh/media-and-communication/editors.htm,cached
media-and-communication,photographers,https://www.bls.gov/ooh/media-and-communication/photographers.htm,cached
transportation-and-material-moving,airline-and-commercial-pilots,https://www.bls.gov/ooh/transportation-and-material-moving/airline-and-commercial-pilots.htm,cached
personal-care-and-service,fitness-trainers-and-instructors,https://www.bls.gov/ooh/personal-care-and-service/fitness-trainers-and-instructors.htm,cached
architecture-and-engineering,aerospace-engineers,https://www.bls.gov/ooh/architecture-and-engineering/aerospace-engineers.htm,cached
architecture-and-engineering,drafters,https://www.bls.gov/ooh/architecture-and-engineering/drafters.htm,cached
architecture-and-engineering,aerospace-engineering-and-operations-technicians,https://www.bls.gov/ooh/architecture-and-engineering/aerospace-engineering-and-operations-technicians.htm,cached
sales,sales-engineers,https://www.bls.gov/ooh/sales/sales-engineers.htm,cached
legal,lawyers,https://www.bls.gov/ooh/legal/lawyers.htm,cached
life-physical-and-social-science,agricultural-and-food-science-technicians,https://www.bls.gov/ooh/life-physical-and-social-science/agricultural-and-food-science-technicians.htm,cached
life-physical-and-social-science,agricultural-and-food-scientists,https://www.bls.gov/ooh/life-physical-and-social-science/agricultural-and-food-scientists.htm,cached
life-physical-and-social-science,chemists-and-materials-scientists,https://www.bls.gov/ooh/life-physical-and-social-science/chemists-and-materials-scientists.htm,cached
management,farmers-ranchers-and-other-agricultural-managers,https://www.bls.gov/ooh/management/farmers-ranchers-and-other-agricultural-managers.htm,cached
life-physical-and-social-science,economists,https://www.bls.gov/ooh/life-physical-and-social-science/economists.htm,cached
architecture-and-engineering,agricultural-engineers,https://www.bls.gov/ooh/architecture-and-engineering/agricultural-engineers.htm,cached
installation-maintenance-and-repair,heavy-vehicle-and-mobile-equipment-service-technicians,https://www.bls.gov/ooh/installation-maintenance-and-repair/heavy-vehicle-and-mobile-equipment-service-technicians.htm,cached
sales,real-estate-brokers-and-sales-agents,https://www.bls.gov/ooh/sales/real-estate-brokers-and-sales-agents.htm,cached
management,natural-sciences-managers,https://www.bls.gov/ooh/management/natural-sciences-managers.htm,cached
farming-fishing-and-forestry,agricultural-workers,https://www.bls.gov/ooh/farming-fishing-and-forestry/agricultural-workers.htm,cached
architecture-and-engineering,environmental-engineering-technicians,https://www.bls.gov/ooh/architecture-and-engineering/environmental-engineering-technicians.htm,cached
production,assemblers-and-fabricators,https://www.bls.gov/ooh/production/assemblers-and-fabricators.htm,cached
installation-maintenance-and-repair,heating-air-conditioning-and-refrigeration-mechanics-and-installers,https://www.bls.gov/ooh/installation-maintenance-and-repair/heating-air-conditioning-and-refrigeration-mechanics-and-installers.htm,cached
construction-and-extraction,sheet-metal-workers,https://www.bls.gov/ooh/construction-and-extraction/sheet-metal-workers.htm,cached
transportation-and-material-moving,hand-laborers-and-material-movers,https://www.bls.gov/ooh/transportation-and-material-moving/hand-laborers-and-material-movers.htm,cached
production,painting-and-coating-workers,https://www.bls.gov/ooh/production/painting-and-coating-workers.htm,cached
transportation-and-material-moving,flight-attendants,https://www.bls.gov/ooh/transportation-and-material-moving/flight-attendants.htm,cached
business-and-financial,compliance-officers,https://www.bls.gov/ooh/business-and-financial/compliance-officers.htm,cached
architecture-and-engineering,environmental-engineers,https://www.bls.gov/ooh/architecture-and-engineering/environmental-engineers.htm,cached
transportation-and-material-moving,taxi-drivers-and-chauffeurs,https://www.bls.gov/ooh/transportation-and-material-moving/taxi-drivers-and-chauffeurs.htm,cached
management,transportation-storage-and-distribution-managers,https://www.bls.gov/ooh/management/transportation-storage-and-distribution-managers.htm,cached
transportation-and-material-moving,air-traffic-controllers,https://www.bls.gov/ooh/transportation-and-material-moving/air-traffic-controllers.htm,cached
life-physical-and-social-science,environmental-science-and-protection-technicians,https://www.bls.gov/ooh/life-physical-and-social-science/environmental-science-and-protection-technicians.htm,cached
production,metal-and-plastic-machine-workers,https://www.bls.gov/ooh/production/metal-and-plastic-machine-workers.htm,cached
math,mathematicians-and-statisticians,https://www.bls.gov/ooh/math/mathematicians-and-statisticians.htm,cached
education-training-and-library,tutors,https://www.bls.gov/ooh/education-training-and-library/tutors.htm,cached
farming-fishing-and-forestry,fishers-and-related-fishing-workers,https://www.bls.gov/ooh/farming-fishing-and-forestry/fishers-and-related-fishing-workers.htm,cached
installation-maintenance-and-repair,small-engine-mechanics,https://www.bls.gov/ooh/installation-maintenance-and-repair/small-engine-mechanics.htm,cached
production,food-and-tobacco-processing-workers,https://www.bls.gov/ooh/production/food-and-tobacco-processing-workers.htm,cached
legal,arbitrators-mediators-and-conciliators,https://www.bls.gov/ooh/legal/arbitrators-mediators-and-conciliators.htm,cached
production,welders-cutters-solderers-and-brazers,https://www.bls.gov/ooh/production/welders-cutters-solderers-and-brazers.htm,cached
healthcare,emts-and-paramedics,https://www.bls.gov/ooh/healthcare/emts-and-paramedics.htm,cached
healthcare,orthotists-and-prosthetists,https://www.bls.gov/ooh/healthcare/orthotists-and-prosthetists.htm,cached
media-and-communication,interpreters-and-translators,https://www.bls.gov/ooh/media-and-communication/interpreters-and-translators.htm,cached
production,quality-control-inspectors,https://www.bls.gov/ooh/production/quality-control-inspectors.htm,cached
management,entertainment-and-recreation-managers,https://www.bls.gov/ooh/management/entertainment-and-recreation-managers.htm,cached
healthcare,physician-assistants,https://www.bls.gov/ooh/healthcare/physician-assistants.htm,cached
construction-and-extraction,construction-equipment-operators,https://www.bls.gov/ooh/construction-and-extraction/construction-equipment-operators.htm,cached
personal-care-and-service,animal-care-and-service-workers,https://www.bls.gov/ooh/personal-care-and-service/animal-care-and-service-workers.htm,cached
healthcare,veterinarians,https://www.bls.gov/ooh/healthcare/veterinarians.htm,cached
media-and-communication,announcers,https://www.bls.gov/ooh/media-and-communication/announcers.htm,cached
architecture-and-engineering,electrical-and-electronics-engineers,https://www.bls.gov/ooh/architecture-and-engineering/electrical-and-electronics-engineers.htm,cached
life-physical-and-social-science,anthropologists-and-archeologists,https://www.bls.gov/ooh/life-physical-and-social-science/anthropologists-and-archeologists.htm,cached
management,property-real-estate-and-community-association-managers,https://www.bls.gov/ooh/management/property-real-estate-and-community-association-managers.htm,cached
healthcare,pharmacists,https://www.bls.gov/ooh/healthcare/pharmacists.htm,cached
arts-and-design,fashion-designers,https://www.bls.gov/ooh/arts-and-design/fashion-designers.htm,cached
sales,retail-sales-workers,https://www.bls.gov/ooh/sales/retail-sales-workers.htm,cached
management,computer-and-information-systems-managers,https://www.bls.gov/ooh/management/computer-and-information-systems-managers.htm,cached
computer-and-information-technology,software-developers,https://www.bls.gov/ooh/computer-and-information-technology/software-developers.htm,cached
computer-and-information-technology,computer-systems-analysts,https://www.bls.gov/ooh/computer-and-information-technology/computer-systems-analysts.htm,cached
computer-and-information-technology,computer-programmers,https://www.bls.gov/ooh/computer-and-information-technology/computer-programmers.htm,cached
healthcare,exercise-physiologists,https://www.bls.gov/ooh/healthcare/exercise-physiologists.htm,cached
office-and-administrative-support,receptionists,https://www.bls.gov/ooh/office-and-administrative-support/receptionists.htm,cached
life-physical-and-social-science,zoologists-and-wildlife-biologists,https://www.bls.gov/ooh/life-physical-and-social-science/zoologists-and-wildlife-biologists.htm,cached
production,dental-and-ophthalmic-laboratory-technicians-and-medical-appliance-technicians,https://www.bls.gov/ooh/production/dental-and-ophthalmic-laboratory-technicians-and-medical-appliance-technicians.htm,cached
architecture-and-engineering,architects,https://www.bls.gov/ooh/architecture-and-engineering/architects.htm,cached
management,architectural-and-engineering-managers,https://www.bls.gov/ooh/management/architectural-and-engineering-managers.htm,cached
education-training-and-library,career-and-technical-education-teachers,https://www.bls.gov/ooh/education-training-and-library/career-and-technical-education-teachers.htm,cached
architecture-and-engineering,civil-engineers,https://www.bls.gov/ooh/architecture-and-engineering/civil-engineers.htm,cached
construction-and-extraction,construction-and-building-inspectors,https://www.bls.gov/ooh/construction-and-extraction/construction-and-building-inspectors.htm,cached
education-training-and-library,curators-museum-technicians-and-conservators,https://www.bls.gov/ooh/education-training-and-library/curators-museum-technicians-and-conservators.htm,cached
protective-service,security-guards,https://www.bls.gov/ooh/protective-service/security-guards.htm,cached
protective-service,fire-inspectors-and-investigators,https://www.bls.gov/ooh/protective-service/fire-inspectors-and-investigators.htm,cached
arts-and-design,art-directors,https://www.bls.gov/ooh/arts-and-design/art-directors.htm,cached
sales,models,https://www.bls.gov/ooh/sales/models.htm,cached
construction-and-extraction,hazardous-materials-removal-workers,https://www.bls.gov/ooh/construction-and-extraction/hazardous-materials-removal-workers.htm,cached
transportation-and-material-moving,material-moving-machine-operators,https://www.bls.gov/ooh/transportation-and-material-moving/material-moving-machine-operators.htm,cached
life-physical-and-social-science,chemical-technicians,https://www.bls.gov/ooh/life-physical-and-social-science/chemical-technicians.htm,cached
media-and-communication,technical-writers,https://www.bls.gov/ooh/media-and-communication/technical-writers.htm,cached
legal,paralegals-and-legal-assistants,https://www.bls.gov/ooh/legal/paralegals-and-legal-assistants.htm,cached
life-physical-and-social-science,physicists-and-astronomers,https://www.bls.gov/ooh/life-physical-and-social-science/physicists-and-astronomers.htm,cached
entertainment-and-sports,athletes-and-sports-competitors,https://www.bls.gov/ooh/entertainment-and-sports/athletes-and-sports-competitors.htm,cached
entertainment-and-sports,coaches-and-scouts,https://www.bls.gov/ooh/entertainment-and-sports/coaches-and-scouts.htm,cached
entertainment-and-sports,umpires-referees-and-other-sports-officials,https://www.bls.gov/ooh/entertainment-and-sports/umpires-referees-and-other-sports-officials.htm,cached
healthcare,athletic-trainers,https://www.bls.gov/ooh/healthcare/athletic-trainers.htm,cached
life-physical-and-social-science,atmospheric-scientists-including-meteorologists,https://www.bls.gov/ooh/life-physical-and-social-science/atmospheric-scientists-including-meteorologists.htm,cached
architecture-and-engineering,nuclear-engineers,https://www.bls.gov/ooh/architecture-and-engineering/nuclear-engineers.htm,cached
media-and-communication,broadcast-and-sound-engineering-technicians,https://www.bls.gov/ooh/media-and-communication/broadcast-and-sound-engineering-technicians.htm,cached
healthcare,audiologists,https://www.bls.gov/ooh/healthcare/audiologists.htm,cached
personal-care-and-service,childcare-workers,https://www.bls.gov/ooh/personal-care-and-service/childcare-workers.htm,cached
installation-maintenance-and-repair,automotive-body-and-glass-repairers,https://www.bls.gov/ooh/installation-maintenance-and-repair/automotive-body-and-glass-repairers.htm,cached
transportation-and-material-moving,heavy-and-tractor-trailer-truck-drivers,https://www.bls.gov/ooh/transportation-and-material-moving/heavy-and-tractor-trailer-truck-drivers.htm,cached
installation-maintenance-and-repair,automotive-service-technicians-and-mechanics,https://www.bls.gov/ooh/installation-maintenance-and-repair/automotive-service-technicians-and-mechanics.htm,cached
business-and-financial,claims-adjusters-appraisers-examiners-and-investigators,https://www.bls.gov/ooh/business-and-financial/claims-adjusters-appraisers-examiners-and-investigators.htm,cached
computer-and-information-technology,database-administrators,https://www.bls.gov/ooh/computer-and-information-technology/database-administrators.htm,cached
business-and-financial,insurance-underwriters,https://www.bls.gov/ooh/business-and-financial/insurance-underwriters.htm,cached
arts-and-design,industrial-designers,https://www.bls.gov/ooh/arts-and-design/industrial-designers.htm,cached
production,machinists-and-tool-and-die-makers,https://www.bls.gov/ooh/production/machinists-and-tool-and-die-makers.htm,cached
architecture-and-engineering,materials-engineers,https://www.bls.gov/ooh/architecture-and-engineering/materials-engineers.htm,cached
healthcare,medical-assistants,https://www.bls.gov/ooh/healthcare/medical-assistants.htm,cached
architecture-and-engineering,mechanical-engineers,https://www.bls.gov/ooh/architecture-and-engineering/mechanical-engineers.htm,cached
sales,travel-agents,https://www.bls.gov/ooh/sales/travel-agents.htm,cached
production,woodworkers,https://www.bls.gov/ooh/production/woodworkers.htm,cached
life-physical-and-social-science,microbiologists,https://www.bls.gov/ooh/life-physical-and-social-science/microbiologists.htm,cached
life-physical-and-social-science,biological-technicians,https://www.bls.gov/ooh/life-physical-and-social-science/biological-technicians.htm,cached
production,bakers,https://www.bls.gov/ooh/production/bakers.htm,cached
installation-maintenance-and-repair,industrial-machinery-mechanics-and-maintenance-workers-and-millwrights,https://www.bls.gov/ooh/installation-maintenance-and-repair/industrial-machinery-mechanics-and-maintenance-workers-and-millwrights.htm,cached
entertainment-and-sports,dancers-and-choreographers,https://www.bls.gov/ooh/entertainment-and-sports/dancers-and-choreographers.htm,cached
life-physical-and-social-science,forensic-science-technicians,https://www.bls.gov/ooh/life-physical-and-social-science/forensic-science-technicians.htm,cached
management,financial-managers,https://www.bls.gov/ooh/management/financial-managers.htm,cached
business-and-financial,financial-examiners,https://www.bls.gov/ooh/business-and-financial/financial-examiners.htm,cached
office-and-administrative-support,financial-clerks,https://www.bls.gov/ooh/office-and-administrative-support/financial-clerks.htm,cached
office-and-administrative-support,tellers,https://www.bls.gov/ooh/office-and-administrative-support/tellers.htm,cached
food-preparation-and-serving,chefs-and-head-cooks,https://www.bls.gov/ooh/food-preparation-and-serving/chefs-and-head-cooks.htm,cached
food-preparation-and-serving,cooks,https://www.bls.gov/ooh/food-preparation-and-serving/cooks.htm,cached
management,food-service-managers,https://www.bls.gov/ooh/management/food-service-managers.htm,cached
food-preparation-and-serving,food-and-beverage-serving-and-related-workers,https://www.bls.gov/ooh/food-preparation-and-serving/food-and-beverage-serving-and-related-workers.htm,cached
personal-care-and-service,barbers-hairstylists-and-cosmetologists,https://www.bls.gov/ooh/personal-care-and-service/barbers-hairstylists-and-cosmetologists.htm,cached
food-preparation-and-serving,bartenders,https://www.bls.gov/ooh/food-preparation-and-serving/bartenders.htm,cached
protective-service,recreational-protective-service-workers,https://www.bls.gov/ooh/protective-service/recreational-protective-service-workers.htm,cached
construction-and-extraction,carpenters,https://www.bls.gov/ooh/construction-and-extraction/carpenters.htm,cached
office-and-administrative-support,material-recording-clerks,https://www.bls.gov/ooh/office-and-administrative-support/material-recording-clerks.htm,cached
management,lodging-managers,https://www.bls.gov/ooh/management/lodging-managers.htm,cached
production,butchers-and-meat-cutters,https://www.bls.gov/ooh/production/butchers-and-meat-cutters.htm,cached
healthcare,psychiatric-technicians-and-aides,https://www.bls.gov/ooh/healthcare/psychiatric-technicians-and-aides.htm,cached
business-and-financial,compensation-benefits-and-job-analysis-specialists,https://www.bls.gov/ooh/business-and-financial/compensation-benefits-and-job-analysis-specialists.htm,cached
architecture-and-engineering,biomedical-engineers,https://www.bls.gov/ooh/architecture-and-engineering/biomedical-engineers.htm,cached
life-physical-and-social-science,biochemists-and-biophysicists,https://www.bls.gov/ooh/life-physical-and-social-science/biochemists-and-biophysicists.htm,cached
healthcare,clinical-laboratory-technologists-and-technicians,https://www.bls.gov/ooh/healthcare/clinical-laboratory-technologists-and-technicians.htm,cached
installation-maintenance-and-repair,diesel-service-technicians-and-mechanics,https://www.bls.gov/ooh/installation-maintenance-and-repair/diesel-service-technicians-and-mechanics.htm,cached
life-physical-and-social-science,geographers,https://www.bls.gov/ooh/life-physical-and-social-science/geographers.htm,cached
installation-maintenance-and-repair,medical-equipment-repairers,https://www.bls.gov/ooh/installation-maintenance-and-repair/medical-equipment-repairers.htm,cached
healthcare,home-health-aides-and-personal-care-aides,https://www.bls.gov/ooh/healthcare/home-health-aides-and-personal-care-aides.htm,cached
transportation-and-material-moving,delivery-truck-drivers-and-driver-sales-workers,https://www.bls.gov/ooh/transportation-and-material-moving/delivery-truck-drivers-and-driver-sales-workers.htm,cached
construction-and-extraction,insulation-workers,https://www.bls.gov/ooh/construction-and-extraction/insulation-workers.htm,cached
production,stationary-engineers-and-boiler-operators,https://www.bls.gov/ooh/production/stationary-engineers-and-boiler-operators.htm,cached
construction-and-extraction,boilermakers,https://www.bls.gov/ooh/construction-and-extraction/boilermakers.htm,cached
media-and-communication,reporters-correspondents-and-broadcast-news-analysts,https://www.bls.gov/ooh/media-and-communication/reporters-correspondents-and-broadcast-news-analysts.htm,cached
arts-and-design,craft-and-fine-artists,https://www.bls.gov/ooh/arts-and-design/craft-and-fine-artists.htm,cached
education-training-and-library,library-technicians-and-assistants,https://www.bls.gov/ooh/education-training-and-library/library-technicians-and-assistants.htm,cached
protective-service,police-and-detectives,https://www.bls.gov/ooh/protective-service/police-and-detectives.htm,cached
sales,wholesale-and-manufacturing-sales-representatives,https://www.bls.gov/ooh/sales/wholesale-and-manufacturing-sales-representatives.htm,cached
business-and-financial,loan-officers,https://www.bls.gov/ooh/business-and-financial/loan-officers.htm,cached
construction-and-extraction,structural-iron-and-steel-workers,https://www.bls.gov/ooh/construction-and-extraction/structural-iron-and-steel-workers.htm,cached
construction-and-extraction,painters-construction-and-maintenance,https://www.bls.gov/ooh/construction-and-extraction/painters-construction-and-maintenance.htm,cached
entertainment-and-sports,producers-and-directors,https://www.bls.gov/ooh/entertainment-and-sports/producers-and-directors.htm,cached
business-and-financial,budget-analysts,https://www.bls.gov/ooh/business-and-financial/budget-analysts.htm,cached
building-and-grounds-cleaning,janitors-and-building-cleaners,https://www.bls.gov/ooh/building-and-grounds-cleaning/janitors-and-building-cleaners.htm,cached
installation-maintenance-and-repair,general-maintenance-and-repair-workers,https://www.bls.gov/ooh/installation-maintenance-and-repair/general-maintenance-and-repair-workers.htm,cached
office-and-administrative-support,postal-service-workers,https://www.bls.gov/ooh/office-and-administrative-support/postal-service-workers.htm,cached
transportation-and-material-moving,bus-drivers,https://www.bls.gov/ooh/transportation-and-material-moving/bus-drivers.htm,cached
business-and-financial,management-analysts,https://www.bls.gov/ooh/business-and-financial/management-analysts.htm,cached
math,data-scientists,https://www.bls.gov/ooh/math/data-scientists.htm,cached
healthcare,nursing-assistants,https://www.bls.gov/ooh/healthcare/nursing-assistants.htm,cached
installation-maintenance-and-repair,telecommunications-equipment-installers-and-repairers-except-line-installers,https://www.bls.gov/ooh/installation-maintenance-and-repair/telecommunications-equipment-installers-and-repairers-except-line-installers.htm,cached
architecture-and-engineering,cartographers-and-photogrammetrists,https://www.bls.gov/ooh/architecture-and-engineering/cartographers-and-photogrammetrists.htm,cached
installation-maintenance-and-repair,calibration-technologists-and-technicians,https://www.bls.gov/ooh/installation-maintenance-and-repair/calibration-technologists-and-technicians.htm,cached
business-and-financial,fundraisers,https://www.bls.gov/ooh/business-and-financial/fundraisers.htm,cached
personal-care-and-service,recreation-workers,https://www.bls.gov/ooh/personal-care-and-service/recreation-workers.htm,cached
healthcare,health-information-technologists-and-medical-registrars,https://www.bls.gov/ooh/healthcare/health-information-technologists-and-medical-registrars.htm,cached
life-physical-and-social-science,medical-scientists,https://www.bls.gov/ooh/life-physical-and-social-science/medical-scientists.htm,cached
healthcare,diagnostic-medical-sonographers,https://www.bls.gov/ooh/healthcare/diagnostic-medical-sonographers.htm,cached
healthcare,cardiovascular-technologists-and-technicians,https://www.bls.gov/ooh/healthcare/cardiovascular-technologists-and-technicians.htm,cached
healthcare,physical-therapists,https://www.bls.gov/ooh/healthcare/physical-therapists.htm,cached
construction-and-extraction,tile-and-marble-setters,https://www.bls.gov/ooh/construction-and-extraction/tile-and-marble-setters.htm,cached
architecture-and-engineering,surveying-and-mapping-technicians,https://www.bls.gov/ooh/architecture-and-engineering/surveying-and-mapping-technicians.htm,cached
sales,cashiers,https://www.bls.gov/ooh/sales/cashiers.htm,cached
business-and-financial,purchasing-managers-buyers-and-purchasing-agents,https://www.bls.gov/ooh/business-and-financial/purchasing-managers-buyers-and-purchasing-agents.htm,cached
healthcare,registered-nurses,https://www.bls.gov/ooh/healthcare/registered-nurses.htm,cached
healthcare,dental-assistants,https://www.bls.gov/ooh/healthcare/dental-assistants.htm,cached
protective-service,correctional-officers,https://www.bls.gov/ooh/protective-service/correctional-officers.htm,cached
community-and-social-service,health-educators,https://www.bls.gov/ooh/community-and-social-service/health-educators.htm,cached
business-and-financial,personal-financial-advisors,https://www.bls.gov/ooh/business-and-financial/personal-financial-advisors.htm,cached
healthcare,genetic-counselors,https://www.bls.gov/ooh/healthcare/genetic-counselors.htm,cached
healthcare,occupational-health-and-safety-specialists-and-technicians,https://www.bls.gov/ooh/healthcare/occupational-health-and-safety-specialists-and-technicians.htm,cached
arts-and-design,interior-designers,https://www.bls.gov/ooh/arts-and-design/interior-designers.htm,cached
protective-service,private-detectives-and-investigators,https://www.bls.gov/ooh/protective-service/private-detectives-and-investigators.htm,cached
healthcare,medical-dosimetrists,https://www.bls.gov/ooh/healthcare/medical-dosimetrists.htm,cached
healthcare,medical-transcriptionists,https://www.bls.gov/ooh/healthcare/medical-transcriptionists.htm,cached
business-and-financial,meeting-convention-and-event-planners,https://www.bls.gov/ooh/business-and-financial/meeting-convention-and-event-planners.htm,cached
personal-care-and-service,funeral-service-occupations,https://www.bls.gov/ooh/personal-care-and-service/funeral-service-occupations.htm,cached
healthcare,nuclear-medicine-technologists,https://www.bls.gov/ooh/healthcare/nuclear-medicine-technologists.htm,cached
healthcare,occupational-therapy-assistants-and-aides,https://www.bls.gov/ooh/healthcare/occupational-therapy-assistants-and-aides.htm,cached
healthcare,opticians-dispensing,https://www.bls.gov/ooh/healthcare/opticians-dispensing.htm,cached
building-and-grounds-cleaning,grounds-maintenance-workers,https://www.bls.gov/ooh/building-and-grounds-cleaning/grounds-maintenance-workers.htm,cached
healthcare,pharmacy-technicians,https://www.bls.gov/ooh/healthcare/pharmacy-technicians.htm,cached
healthcare,phlebotomists,https://www.bls.gov/ooh/healthcare/phlebotomists.htm,cached
healthcare,recreational-therapists,https://www.bls.gov/ooh/healthcare/recreational-therapists.htm,cached
community-and-social-service,rehabilitation-counselors,https://www.bls.gov/ooh/community-and-social-service/rehabilitation-counselors.htm,cached
healthcare,respiratory-therapists,https://www.bls.gov/ooh/healthcare/respiratory-therapists.htm,cached
healthcare,surgical-technologists,https://www.bls.gov/ooh/healthcare/surgical-technologists.htm,cached
healthcare,veterinary-technologists-and-technicians,https://www.bls.gov/ooh/healthcare/veterinary-technologists-and-technicians.htm,cached
construction-and-extraction,electricians,https://www.bls.gov/ooh/construction-and-extraction/electricians.htm,cached
management,medical-and-health-services-managers,https://www.bls.gov/ooh/management/medical-and-health-services-managers.htm,cached
community-and-social-service,marriage-and-family-therapists,https://www.bls.gov/ooh/community-and-social-service/marriage-and-family-therapists.htm,cached
management,preschool-and-childcare-center-directors,https://www.bls.gov/ooh/management/preschool-and-childcare-center-directors.htm,cached
management,social-and-community-service-managers,https://www.bls.gov/ooh/management/social-and-community-service-managers.htm,cached
healthcare,podiatrists,https://www.bls.gov/ooh/healthcare/podiatrists.htm,cached
healthcare,chiropractors,https://www.bls.gov/ooh/healthcare/chiropractors.htm,cached
entertainment-and-sports,music-directors-and-composers,https://www.bls.gov/ooh/entertainment-and-sports/music-directors-and-composers.htm,cached
community-and-social-service,community-health-workers,https://www.bls.gov/ooh/community-and-social-service/community-health-workers.htm,cached
business-and-financial,tax-examiners-and-collectors-and-revenue-agents,https://www.bls.gov/ooh/business-and-financial/tax-examiners-and-collectors-and-revenue-agents.htm,cached
life-physical-and-social-science,urban-and-regional-planners,https://www.bls.gov/ooh/life-physical-and-social-science/urban-and-regional-planners.htm,cached
architecture-and-engineering,surveyors,https://www.bls.gov/ooh/architecture-and-engineering/surveyors.htm,cached
architecture-and-engineering,civil-engineering-technicians,https://www.bls.gov/ooh/architecture-and-engineering/civil-engineering-technicians.htm,cached
production,semiconductor-processing-technicians,https://www.bls.gov/ooh/production/semiconductor-processing-technicians.htm,cached
healthcare,dietitians-and-nutritionists,https://www.bls.gov/ooh/healthcare/dietitians-and-nutritionists.htm,cached
life-physical-and-social-science,epidemiologists,https://www.bls.gov/ooh/life-physical-and-social-science/epidemiologists.htm,cached
healthcare,physical-therapist-assistants-and-aides,https://www.bls.gov/ooh/healthcare/physical-therapist-assistants-and-aides.htm,cached
transportation-and-material-moving,railroad-occupations,https://www.bls.gov/ooh/transportation-and-material-moving/railroad-occupations.htm,cached
food-preparation-and-serving,waiters-and-waitresses,https://www.bls.gov/ooh/food-preparation-and-serving/waiters-and-waitresses.htm,cached
farming-fishing-and-forestry,logging-workers,https://www.bls.gov/ooh/farming-fishing-and-forestry/logging-workers.htm,cached
sales,securities-commodities-and-financial-services-sales-agents,https://www.bls.gov/ooh/sales/securities-commodities-and-financial-services-sales-agents.htm,cached
management,public-relations-managers,https://www.bls.gov/ooh/management/public-relations-managers.htm,cached
management,compensation-and-benefits-managers,https://www.bls.gov/ooh/management/compensation-and-benefits-managers.htm,cached
office-and-administrative-support,customer-service-representatives,https://www.bls.gov/ooh/office-and-administrative-support/customer-service-representatives.htm,cached
construction-and-extraction,roofers,https://www.bls.gov/ooh/construction-and-extraction/roofers.htm,cached
computer-and-information-technology,computer-and-information-research-scientists,https://www.bls.gov/ooh/computer-and-information-technology/computer-and-information-research-scientists.htm,cached
healthcare,radiologic-technologists,https://www.bls.gov/ooh/healthcare/radiologic-technologists.htm,cached
computer-and-information-technology,computer-support-specialists,https://www.bls.gov/ooh/computer-and-information-technology/computer-support-specialists.htm,cached
architecture-and-engineering,computer-hardware-engineers,https://www.bls.gov/ooh/architecture-and-engineering/computer-hardware-engineers.htm,cached
computer-and-information-technology,computer-network-architects,https://www.bls.gov/ooh/computer-and-information-technology/computer-network-architects.htm,cached
computer-and-information-technology,information-security-analysts,https://www.bls.gov/ooh/computer-and-information-technology/information-security-analysts.htm,cached
business-and-financial,training-and-development-specialists,https://www.bls.gov/ooh/business-and-financial/training-and-development-specialists.htm,cached
life-physical-and-social-science,conservation-scientists,https://www.bls.gov/ooh/life-physical-and-social-science/conservation-scientists.htm,cached
management,construction-managers,https://www.bls.gov/ooh/management/construction-managers.htm,cached
business-and-financial,cost-estimators,https://www.bls.gov/ooh/business-and-financial/cost-estimators.htm,cached
management,postsecondary-education-administrators,https://www.bls.gov/ooh/management/postsecondary-education-administrators.htm,cached
business-and-financial,financial-analysts,https://www.bls.gov/ooh/business-and-financial/financial-analysts.htm,cached
business-and-financial,human-resources-specialists,https://www.bls.gov/ooh/business-and-financial/human-resources-specialists.htm,cached
community-and-social-service,probation-officers-and-correctional-treatment-specialists,https://www.bls.gov/ooh/community-and-social-service/probation-officers-and-correctional-treatment-specialists.htm,cached
arts-and-design,floral-designers,https://www.bls.gov/ooh/arts-and-design/floral-designers.htm,cached
legal,court-reporters,https://www.bls.gov/ooh/legal/court-reporters.htm,cached
business-and-financial,credit-counselors,https://www.bls.gov/ooh/business-and-financial/credit-counselors.htm,cached
life-physical-and-social-science,sociologists,https://www.bls.gov/ooh/life-physical-and-social-science/sociologists.htm,cached
life-physical-and-social-science,geological-and-petroleum-technicians,https://www.bls.gov/ooh/life-physical-and-social-science/geological-and-petroleum-technicians.htm,cached
personal-care-and-service,tour-and-travel-guides,https://www.bls.gov/ooh/personal-care-and-service/tour-and-travel-guides.htm,cached
life-physical-and-social-science,geoscientists,https://www.bls.gov/ooh/life-physical-and-social-science/geoscientists.htm,cached
media-and-communication,film-and-video-editors-and-camera-operators,https://www.bls.gov/ooh/media-and-communication/film-and-video-editors-and-camera-operators.htm,cached
education-training-and-library,instructional-coordinators,https://www.bls.gov/ooh/education-training-and-library/instructional-coordinators.htm,cached
healthcare,massage-therapists,https://www.bls.gov/ooh/healthcare/massage-therapists.htm,cached
food-preparation-and-serving,food-preparation-workers,https://www.bls.gov/ooh/food-preparation-and-serving/food-preparation-workers.htm,cached
healthcare,dental-hygienists,https://www.bls.gov/ooh/healthcare/dental-hygienists.htm,cached
healthcare,dentists,https://www.bls.gov/ooh/healthcare/dentists.htm,cached
construction-and-extraction,oil-and-gas-workers,https://www.bls.gov/ooh/construction-and-extraction/oil-and-gas-workers.htm,cached
business-and-financial,project-management-specialists,https://www.bls.gov/ooh/business-and-financial/project-management-specialists.htm,cached
office-and-administrative-support,desktop-publishers,https://www.bls.gov/ooh/office-and-administrative-support/desktop-publishers.htm,cached
life-physical-and-social-science,psychologists,https://www.bls.gov/ooh/life-physical-and-social-science/psychologists.htm,cached
production,jewelers-and-precious-stone-and-metal-workers,https://www.bls.gov/ooh/production/jewelers-and-precious-stone-and-metal-workers.htm,cached
computer-and-information-technology,web-developers,https://www.bls.gov/ooh/computer-and-information-technology/web-developers.htm,cached
management,emergency-management-directors,https://www.bls.gov/ooh/management/emergency-management-directors.htm,cached
management,sales-managers,https://www.bls.gov/ooh/management/sales-managers.htm,cached
healthcare,optometrists,https://www.bls.gov/ooh/healthcare/optometrists.htm,cached
management,training-and-development-managers,https://www.bls.gov/ooh/management/training-and-development-managers.htm,cached
education-training-and-library,special-education-teachers,https://www.bls.gov/ooh/education-training-and-library/special-education-teachers.htm,cached
education-training-and-library,preschool-teachers,https://www.bls.gov/ooh/education-training-and-library/preschool-teachers.htm,cached
life-physical-and-social-science,environmental-scientists-and-specialists,https://www.bls.gov/ooh/life-physical-and-social-science/environmental-scientists-and-specialists.htm,cached
architecture-and-engineering,industrial-engineers,https://www.bls.gov/ooh/architecture-and-engineering/industrial-engineers.htm,cached
architecture-and-engineering,electro-mechanical-technicians,https://www.bls.gov/ooh/architecture-and-engineering/electro-mechanical-technicians.htm,cached
architecture-and-engineering,electrical-and-electronics-engineering-technicians,https://www.bls.gov/ooh/architecture-and-engineering/electrical-and-electronics-engineering-technicians.htm,cached
installation-maintenance-and-repair,line-installers-and-repairers,https://www.bls.gov/ooh/installation-maintenance-and-repair/line-installers-and-repairers.htm,cached
personal-care-and-service,skincare-specialists,https://www.bls.gov/ooh/personal-care-and-service/skincare-specialists.htm,cached
management,elementary-middle-and-high-school-principals,https://www.bls.gov/ooh/management/elementary-middle-and-high-school-principals.htm,cached
construction-and-extraction,elevator-installers-and-repairers,https://www.bls.gov/ooh/construction-and-extraction/elevator-installers-and-repairers.htm,cached
management,human-resources-managers,https://www.bls.gov/ooh/management/human-resources-managers.htm,cached
business-and-financial,labor-relations-specialists,https://www.bls.gov/ooh/business-and-financial/labor-relations-specialists.htm,cached
media-and-communication,public-relations-specialists,https://www.bls.gov/ooh/media-and-communication/public-relations-specialists.htm,cached
business-and-financial,appraisers-and-assessors-of-real-estate,https://www.bls.gov/ooh/business-and-financial/appraisers-and-assessors-of-real-estate.htm,cached
building-and-grounds-cleaning,pest-control-workers,https://www.bls.gov/ooh/building-and-grounds-cleaning/pest-control-workers.htm,cached
personal-care-and-service,manicurists-and-pedicurists,https://www.bls.gov/ooh/personal-care-and-service/manicurists-and-pedicurists.htm,cached
protective-service,firefighters,https://www.bls.gov/ooh/protective-service/firefighters.htm,cached
architecture-and-engineering,health-and-safety-engineers,https://www.bls.gov/ooh/architecture-and-engineering/health-and-safety-engineers.htm,cached
construction-and-extraction,plumbers-pipefitters-and-steamfitters,https://www.bls.gov/ooh/construction-and-extraction/plumbers-pipefitters-and-steamfitters.htm,cached
farming-fishing-and-forestry,forest-and-conservation-workers,https://www.bls.gov/ooh/farming-fishing-and-forestry/forest-and-conservation-workers.htm,cached
life-physical-and-social-science,historians,https://www.bls.gov/ooh/life-physical-and-social-science/historians.htm,cached
architecture-and-engineering,mining-and-geological-engineers,https://www.bls.gov/ooh/architecture-and-engineering/mining-and-geological-engineers.htm,cached
construction-and-extraction,glaziers,https://www.bls.gov/ooh/construction-and-extraction/glaziers.htm,cached
architecture-and-engineering,landscape-architects,https://www.bls.gov/ooh/architecture-and-engineering/landscape-architects.htm,cached
life-physical-and-social-science,political-scientists,https://www.bls.gov/ooh/life-physical-and-social-science/political-scientists.htm,cached
arts-and-design,graphic-designers,https://www.bls.gov/ooh/arts-and-design/graphic-designers.htm,cached
architecture-and-engineering,mechanical-engineering-technicians,https://www.bls.gov/ooh/architecture-and-engineering/mechanical-engineering-technicians.htm,cached
healthcare,medical-records-and-health-information-technicians,https://www.bls.gov/ooh/healthcare/medical-records-and-health-information-technicians.htm,cached
sales,insurance-sales-agents,https://www.bls.gov/ooh/sales/insurance-sales-agents.htm,cached
education-training-and-library,high-school-teachers,https://www.bls.gov/ooh/education-training-and-library/high-school-teachers.htm,cached
production,power-plant-operators-distributors-and-dispatchers,https://www.bls.gov/ooh/production/power-plant-operators-distributors-and-dispatchers.htm,cached
life-physical-and-social-science,hydrologists,https://www.bls.gov/ooh/life-physical-and-social-science/hydrologists.htm,cached
architecture-and-engineering,industrial-engineering-technicians,https://www.bls.gov/ooh/architecture-and-engineering/industrial-engineering-technicians.htm,cached
management,industrial-production-managers,https://www.bls.gov/ooh/management/industrial-production-managers.htm,cached
production,water-and-wastewater-treatment-plant-and-system-operators,https://www.bls.gov/ooh/production/water-and-wastewater-treatment-plant-and-system-operators.htm,cached
education-training-and-library,middle-school-teachers,https://www.bls.gov/ooh/education-training-and-library/middle-school-teachers.htm,cached
healthcare,veterinary-assistants-and-laboratory-animal-caretakers,https://www.bls.gov/ooh/healthcare/veterinary-assistants-and-laboratory-animal-caretakers.htm,cached
computer-and-information-technology,network-and-computer-systems-administrators,https://www.bls.gov/ooh/computer-and-information-technology/network-and-computer-systems-administrators.htm,cached
healthcare,speech-language-pathologists,https://www.bls.gov/ooh/healthcare/speech-language-pathologists.htm,cached
healthcare,licensed-practical-and-licensed-vocational-nurses,https://www.bls.gov/ooh/healthcare/licensed-practical-and-licensed-vocational-nurses.htm,cached
business-and-financial,logisticians,https://www.bls.gov/ooh/business-and-financial/logisticians.htm,cached
architecture-and-engineering,marine-engineers-and-naval-architects,https://www.bls.gov/ooh/architecture-and-engineering/marine-engineers-and-naval-architects.htm,cached
military,military-careers,https://www.bls.gov/ooh/military/military-careers.htm,cached
architecture-and-engineering,petroleum-engineers,https://www.bls.gov/ooh/architecture-and-engineering/petroleum-engineers.htm,cached
life-physical-and-social-science,nuclear-technicians,https://www.bls.gov/ooh/life-physical-and-social-science/nuclear-technicians.htm,cached
healthcare,occupational-therapists,https://www.bls.gov/ooh/healthcare/occupational-therapists.htm,cached
math,operations-research-analysts,https://www.bls.gov/ooh/math/operations-research-analysts.htm,cached
construction-and-extraction,solar-photovoltaic-installers,https://www.bls.gov/ooh/construction-and-extraction/solar-photovoltaic-installers.htm,cached
life-physical-and-social-science,survey-researchers,https://www.bls.gov/ooh/life-physical-and-social-science/survey-researchers.htm,cached
healthcare,radiation-therapists,https://www.bls.gov/ooh/healthcare/radiation-therapists.htm,cached
arts-and-design,set-and-exhibit-designers,https://www.bls.gov/ooh/arts-and-design/set-and-exhibit-designers.htm,cached
installation-maintenance-and-repair,wind-turbine-technicians,https://www.bls.gov/ooh/installation-maintenance-and-repair/wind-turbine-technicians.htm,cached
